﻿,mean_fit_time,std_fit_time,mean_score_time,std_score_time,param_classifier,param_reduce_dim,param_vectorizer__analyzer,param_vectorizer__min_df,param_classifier__penalty,params,split0_test_score,split1_test_score,split2_test_score,split3_test_score,split4_test_score,mean_test_score,std_test_score,rank_test_score,split0_train_score,split1_train_score,split2_train_score,split3_train_score,split4_train_score,mean_train_score,std_train_score
10,0.442964935,0.00459255,11.77828407,0.670166895,"LogisticRegression(C=10, class_weight=None, dual=False, fit_intercept=True,
          intercept_scaling=1, max_iter=100, multi_class='ovr', n_jobs=1,
          penalty='l1', random_state=None, solver='liblinear', tol=0.0001,
          verbose=0, warm_start=False)","TruncatedSVD(algorithm='randomized', n_components=50, n_iter=5,
       random_state=0, tol=0.0)",<function stem_rmv_punc at 0x00000198EB0F0048>,3,l1,"{'classifier': LogisticRegression(C=10, class_weight=None, dual=False, fit_intercept=True,
          intercept_scaling=1, max_iter=100, multi_class='ovr', n_jobs=1,
          penalty='l1', random_state=None, solver='liblinear', tol=0.0001,
          verbose=0, warm_start=False), 'classifier__penalty': 'l1', 'reduce_dim': TruncatedSVD(algorithm='randomized', n_components=50, n_iter=5,
       random_state=0, tol=0.0), 'vectorizer__analyzer': <function stem_rmv_punc at 0x00000198EB0F0048>, 'vectorizer__min_df': 3}",0.976768743,0.979936642,0.975712777,0.971458774,0.975661376,0.975908707,0.002715427,1,0.977278732,0.978335535,0.977807133,0.978341257,0.978611038,0.978074739,0.000475795
8,0.505328941,0.006667614,0.179833508,0.005251509,"LogisticRegression(C=10, class_weight=None, dual=False, fit_intercept=True,
          intercept_scaling=1, max_iter=100, multi_class='ovr', n_jobs=1,
          penalty='l1', random_state=None, solver='liblinear', tol=0.0001,
          verbose=0, warm_start=False)","TruncatedSVD(algorithm='randomized', n_components=50, n_iter=5,
       random_state=0, tol=0.0)",word,3,l1,"{'classifier': LogisticRegression(C=10, class_weight=None, dual=False, fit_intercept=True,
          intercept_scaling=1, max_iter=100, multi_class='ovr', n_jobs=1,
          penalty='l1', random_state=None, solver='liblinear', tol=0.0001,
          verbose=0, warm_start=False), 'classifier__penalty': 'l1', 'reduce_dim': TruncatedSVD(algorithm='randomized', n_components=50, n_iter=5,
       random_state=0, tol=0.0), 'vectorizer__analyzer': 'word', 'vectorizer__min_df': 3}",0.972544879,0.978880676,0.976768743,0.971458774,0.978835979,0.97569738,0.003131368,2,0.979656539,0.978071334,0.975693527,0.979397781,0.979403222,0.978444481,0.001483512
0,2.738229513,0.096200551,0.188575792,0.008651717,"LinearSVC(C=10, class_weight=None, dual=True, fit_intercept=True,
     intercept_scaling=1, loss='squared_hinge', max_iter=1000,
     multi_class='ovr', penalty='l2', random_state=None, tol=0.0001,
     verbose=0)","TruncatedSVD(algorithm='randomized', n_components=50, n_iter=5,
       random_state=0, tol=0.0)",word,3,,"{'classifier': LinearSVC(C=10, class_weight=None, dual=True, fit_intercept=True,
     intercept_scaling=1, loss='squared_hinge', max_iter=1000,
     multi_class='ovr', penalty='l2', random_state=None, tol=0.0001,
     verbose=0), 'reduce_dim': TruncatedSVD(algorithm='randomized', n_components=50, n_iter=5,
       random_state=0, tol=0.0), 'vectorizer__analyzer': 'word', 'vectorizer__min_df': 3}",0.974656811,0.978880676,0.975712777,0.968287526,0.978835979,0.975274725,0.003874255,3,0.980449141,0.97675033,0.975429326,0.979661912,0.977554793,0.977969101,0.001850606
11,0.423169708,0.032283307,11.95943503,0.751293734,"LogisticRegression(C=10, class_weight=None, dual=False, fit_intercept=True,
          intercept_scaling=1, max_iter=100, multi_class='ovr', n_jobs=1,
          penalty='l1', random_state=None, solver='liblinear', tol=0.0001,
          verbose=0, warm_start=False)","TruncatedSVD(algorithm='randomized', n_components=50, n_iter=5,
       random_state=0, tol=0.0)",<function stem_rmv_punc at 0x00000198EB0F0048>,5,l1,"{'classifier': LogisticRegression(C=10, class_weight=None, dual=False, fit_intercept=True,
          intercept_scaling=1, max_iter=100, multi_class='ovr', n_jobs=1,
          penalty='l1', random_state=None, solver='liblinear', tol=0.0001,
          verbose=0, warm_start=False), 'classifier__penalty': 'l1', 'reduce_dim': TruncatedSVD(algorithm='randomized', n_components=50, n_iter=5,
       random_state=0, tol=0.0), 'vectorizer__analyzer': <function stem_rmv_punc at 0x00000198EB0F0048>, 'vectorizer__min_df': 5}",0.973600845,0.978880676,0.974656811,0.972515856,0.976719577,0.975274725,0.002275499,3,0.978071334,0.979392338,0.977542933,0.979397781,0.978611038,0.978603085,0.000729549
18,0.429609919,0.015049683,11.40575404,0.587027302,"LogisticRegression(C=100, class_weight=None, dual=False, fit_intercept=True,
          intercept_scaling=1, max_iter=100, multi_class='ovr', n_jobs=1,
          penalty='l2', random_state=None, solver='liblinear', tol=0.0001,
          verbose=0, warm_start=False)","TruncatedSVD(algorithm='randomized', n_components=50, n_iter=5,
       random_state=0, tol=0.0)",<function stem_rmv_punc at 0x00000198EB0F0048>,3,l2,"{'classifier': LogisticRegression(C=100, class_weight=None, dual=False, fit_intercept=True,
          intercept_scaling=1, max_iter=100, multi_class='ovr', n_jobs=1,
          penalty='l2', random_state=None, solver='liblinear', tol=0.0001,
          verbose=0, warm_start=False), 'classifier__penalty': 'l2', 'reduce_dim': TruncatedSVD(algorithm='randomized', n_components=50, n_iter=5,
       random_state=0, tol=0.0), 'vectorizer__analyzer': <function stem_rmv_punc at 0x00000198EB0F0048>, 'vectorizer__min_df': 3}",0.975712777,0.97782471,0.973600845,0.971458774,0.975661376,0.974852071,0.002159335,5,0.978071334,0.978071334,0.976221929,0.978869519,0.978611038,0.977969031,0.000926968
19,0.376498461,0.016593081,11.44527597,0.652848383,"LogisticRegression(C=100, class_weight=None, dual=False, fit_intercept=True,
          intercept_scaling=1, max_iter=100, multi_class='ovr', n_jobs=1,
          penalty='l2', random_state=None, solver='liblinear', tol=0.0001,
          verbose=0, warm_start=False)","TruncatedSVD(algorithm='randomized', n_components=50, n_iter=5,
       random_state=0, tol=0.0)",<function stem_rmv_punc at 0x00000198EB0F0048>,5,l2,"{'classifier': LogisticRegression(C=100, class_weight=None, dual=False, fit_intercept=True,
          intercept_scaling=1, max_iter=100, multi_class='ovr', n_jobs=1,
          penalty='l2', random_state=None, solver='liblinear', tol=0.0001,
          verbose=0, warm_start=False), 'classifier__penalty': 'l2', 'reduce_dim': TruncatedSVD(algorithm='randomized', n_components=50, n_iter=5,
       random_state=0, tol=0.0), 'vectorizer__analyzer': <function stem_rmv_punc at 0x00000198EB0F0048>, 'vectorizer__min_df': 5}",0.974656811,0.97782471,0.975712777,0.972515856,0.973544974,0.974852071,0.001832113,5,0.977014531,0.977807133,0.976486129,0.979397781,0.978346976,0.97781051,0.001019294
2,50.62635579,2.292742344,12.12913971,0.505013258,"LinearSVC(C=10, class_weight=None, dual=True, fit_intercept=True,
     intercept_scaling=1, loss='squared_hinge', max_iter=1000,
     multi_class='ovr', penalty='l2', random_state=None, tol=0.0001,
     verbose=0)","TruncatedSVD(algorithm='randomized', n_components=50, n_iter=5,
       random_state=0, tol=0.0)",<function stem_rmv_punc at 0x00000198EB0F0048>,3,,"{'classifier': LinearSVC(C=10, class_weight=None, dual=True, fit_intercept=True,
     intercept_scaling=1, loss='squared_hinge', max_iter=1000,
     multi_class='ovr', penalty='l2', random_state=None, tol=0.0001,
     verbose=0), 'reduce_dim': TruncatedSVD(algorithm='randomized', n_components=50, n_iter=5,
       random_state=0, tol=0.0), 'vectorizer__analyzer': <function stem_rmv_punc at 0x00000198EB0F0048>, 'vectorizer__min_df': 3}",0.976768743,0.976768743,0.973600845,0.971458774,0.974603175,0.974640744,0.002013288,7,0.978335535,0.978335535,0.976486129,0.978341257,0.97913916,0.978127523,0.000877474
16,0.486019564,0.010477191,0.170596552,0.010834477,"LogisticRegression(C=100, class_weight=None, dual=False, fit_intercept=True,
          intercept_scaling=1, max_iter=100, multi_class='ovr', n_jobs=1,
          penalty='l2', random_state=None, solver='liblinear', tol=0.0001,
          verbose=0, warm_start=False)","TruncatedSVD(algorithm='randomized', n_components=50, n_iter=5,
       random_state=0, tol=0.0)",word,3,l2,"{'classifier': LogisticRegression(C=100, class_weight=None, dual=False, fit_intercept=True,
          intercept_scaling=1, max_iter=100, multi_class='ovr', n_jobs=1,
          penalty='l2', random_state=None, solver='liblinear', tol=0.0001,
          verbose=0, warm_start=False), 'classifier__penalty': 'l2', 'reduce_dim': TruncatedSVD(algorithm='randomized', n_components=50, n_iter=5,
       random_state=0, tol=0.0), 'vectorizer__analyzer': 'word', 'vectorizer__min_df': 3}",0.974656811,0.975712777,0.975712777,0.969344609,0.977777778,0.974640744,0.002834214,7,0.97992074,0.977278732,0.975429326,0.978605388,0.977290731,0.977704984,0.001500148
17,0.423358393,0.010572952,0.166101789,0.011471928,"LogisticRegression(C=100, class_weight=None, dual=False, fit_intercept=True,
          intercept_scaling=1, max_iter=100, multi_class='ovr', n_jobs=1,
          penalty='l2', random_state=None, solver='liblinear', tol=0.0001,
          verbose=0, warm_start=False)","TruncatedSVD(algorithm='randomized', n_components=50, n_iter=5,
       random_state=0, tol=0.0)",word,5,l2,"{'classifier': LogisticRegression(C=100, class_weight=None, dual=False, fit_intercept=True,
          intercept_scaling=1, max_iter=100, multi_class='ovr', n_jobs=1,
          penalty='l2', random_state=None, solver='liblinear', tol=0.0001,
          verbose=0, warm_start=False), 'classifier__penalty': 'l2', 'reduce_dim': TruncatedSVD(algorithm='randomized', n_components=50, n_iter=5,
       random_state=0, tol=0.0), 'vectorizer__analyzer': 'word', 'vectorizer__min_df': 5}",0.972544879,0.976768743,0.978880676,0.970401691,0.974603175,0.974640744,0.002995947,7,0.980184941,0.97675033,0.977278732,0.978341257,0.978875099,0.978286072,0.001210697
1,2.508876562,0.070987717,0.194270897,0.012713659,"LinearSVC(C=10, class_weight=None, dual=True, fit_intercept=True,
     intercept_scaling=1, loss='squared_hinge', max_iter=1000,
     multi_class='ovr', penalty='l2', random_state=None, tol=0.0001,
     verbose=0)","TruncatedSVD(algorithm='randomized', n_components=50, n_iter=5,
       random_state=0, tol=0.0)",word,5,,"{'classifier': LinearSVC(C=10, class_weight=None, dual=True, fit_intercept=True,
     intercept_scaling=1, loss='squared_hinge', max_iter=1000,
     multi_class='ovr', penalty='l2', random_state=None, tol=0.0001,
     verbose=0), 'reduce_dim': TruncatedSVD(algorithm='randomized', n_components=50, n_iter=5,
       random_state=0, tol=0.0), 'vectorizer__analyzer': 'word', 'vectorizer__min_df': 5}",0.971488912,0.97782471,0.978880676,0.968287526,0.975661376,0.974429417,0.003980854,10,0.97992074,0.976486129,0.976486129,0.978605388,0.978346976,0.977969073,0.00132325
3,49.65455279,1.63349829,12.12594295,0.368730073,"LinearSVC(C=10, class_weight=None, dual=True, fit_intercept=True,
     intercept_scaling=1, loss='squared_hinge', max_iter=1000,
     multi_class='ovr', penalty='l2', random_state=None, tol=0.0001,
     verbose=0)","TruncatedSVD(algorithm='randomized', n_components=50, n_iter=5,
       random_state=0, tol=0.0)",<function stem_rmv_punc at 0x00000198EB0F0048>,5,,"{'classifier': LinearSVC(C=10, class_weight=None, dual=True, fit_intercept=True,
     intercept_scaling=1, loss='squared_hinge', max_iter=1000,
     multi_class='ovr', penalty='l2', random_state=None, tol=0.0001,
     verbose=0), 'reduce_dim': TruncatedSVD(algorithm='randomized', n_components=50, n_iter=5,
       random_state=0, tol=0.0), 'vectorizer__analyzer': <function stem_rmv_punc at 0x00000198EB0F0048>, 'vectorizer__min_df': 5}",0.974656811,0.976768743,0.973600845,0.972515856,0.973544974,0.97421809,0.001444478,11,0.977542933,0.977278732,0.976221929,0.979926043,0.978611038,0.977916135,0.001260041
9,0.475847101,0.008506206,0.177473307,0.008552907,"LogisticRegression(C=10, class_weight=None, dual=False, fit_intercept=True,
          intercept_scaling=1, max_iter=100, multi_class='ovr', n_jobs=1,
          penalty='l1', random_state=None, solver='liblinear', tol=0.0001,
          verbose=0, warm_start=False)","TruncatedSVD(algorithm='randomized', n_components=50, n_iter=5,
       random_state=0, tol=0.0)",word,5,l1,"{'classifier': LogisticRegression(C=10, class_weight=None, dual=False, fit_intercept=True,
          intercept_scaling=1, max_iter=100, multi_class='ovr', n_jobs=1,
          penalty='l1', random_state=None, solver='liblinear', tol=0.0001,
          verbose=0, warm_start=False), 'classifier__penalty': 'l1', 'reduce_dim': TruncatedSVD(algorithm='randomized', n_components=50, n_iter=5,
       random_state=0, tol=0.0), 'vectorizer__analyzer': 'word', 'vectorizer__min_df': 5}",0.96937698,0.976768743,0.97782471,0.970401691,0.976719577,0.97421809,0.003571667,11,0.97992074,0.978335535,0.976221929,0.978869519,0.979667283,0.978603001,0.001317665
15,0.380764246,0.015285406,11.77663536,0.654518437,"LogisticRegression(C=10, class_weight=None, dual=False, fit_intercept=True,
          intercept_scaling=1, max_iter=100, multi_class='ovr', n_jobs=1,
          penalty='l1', random_state=None, solver='liblinear', tol=0.0001,
          verbose=0, warm_start=False)","NMF(alpha=0.0, beta_loss='frobenius', init='random', l1_ratio=0.0,
  max_iter=200, n_components=50, random_state=0, shuffle=False,
  solver='cd', tol=0.0001, verbose=0)",<function stem_rmv_punc at 0x00000198EB0F0048>,5,l1,"{'classifier': LogisticRegression(C=10, class_weight=None, dual=False, fit_intercept=True,
          intercept_scaling=1, max_iter=100, multi_class='ovr', n_jobs=1,
          penalty='l1', random_state=None, solver='liblinear', tol=0.0001,
          verbose=0, warm_start=False), 'classifier__penalty': 'l1', 'reduce_dim': NMF(alpha=0.0, beta_loss='frobenius', init='random', l1_ratio=0.0,
  max_iter=200, n_components=50, random_state=0, shuffle=False,
  solver='cd', tol=0.0001, verbose=0), 'vectorizer__analyzer': <function stem_rmv_punc at 0x00000198EB0F0048>, 'vectorizer__min_df': 5}",0.968321014,0.973600845,0.967265048,0.969344609,0.974603175,0.970625528,0.002929525,13,0.970673712,0.96988111,0.970409511,0.972002113,0.97280169,0.971153627,0.001080682
14,0.427183962,0.034685466,12.19355688,0.579938611,"LogisticRegression(C=10, class_weight=None, dual=False, fit_intercept=True,
          intercept_scaling=1, max_iter=100, multi_class='ovr', n_jobs=1,
          penalty='l1', random_state=None, solver='liblinear', tol=0.0001,
          verbose=0, warm_start=False)","NMF(alpha=0.0, beta_loss='frobenius', init='random', l1_ratio=0.0,
  max_iter=200, n_components=50, random_state=0, shuffle=False,
  solver='cd', tol=0.0001, verbose=0)",<function stem_rmv_punc at 0x00000198EB0F0048>,3,l1,"{'classifier': LogisticRegression(C=10, class_weight=None, dual=False, fit_intercept=True,
          intercept_scaling=1, max_iter=100, multi_class='ovr', n_jobs=1,
          penalty='l1', random_state=None, solver='liblinear', tol=0.0001,
          verbose=0, warm_start=False), 'classifier__penalty': 'l1', 'reduce_dim': NMF(alpha=0.0, beta_loss='frobenius', init='random', l1_ratio=0.0,
  max_iter=200, n_components=50, random_state=0, shuffle=False,
  solver='cd', tol=0.0001, verbose=0), 'vectorizer__analyzer': <function stem_rmv_punc at 0x00000198EB0F0048>, 'vectorizer__min_df': 3}",0.96937698,0.973600845,0.96937698,0.963002114,0.974603175,0.969991547,0.004095322,14,0.97014531,0.969352708,0.97014531,0.97120972,0.968840771,0.969938764,0.000806189
6,13.33615665,2.632630148,11.88751779,0.620877724,"LinearSVC(C=10, class_weight=None, dual=True, fit_intercept=True,
     intercept_scaling=1, loss='squared_hinge', max_iter=1000,
     multi_class='ovr', penalty='l2', random_state=None, tol=0.0001,
     verbose=0)","NMF(alpha=0.0, beta_loss='frobenius', init='random', l1_ratio=0.0,
  max_iter=200, n_components=50, random_state=0, shuffle=False,
  solver='cd', tol=0.0001, verbose=0)",<function stem_rmv_punc at 0x00000198EB0F0048>,3,,"{'classifier': LinearSVC(C=10, class_weight=None, dual=True, fit_intercept=True,
     intercept_scaling=1, loss='squared_hinge', max_iter=1000,
     multi_class='ovr', penalty='l2', random_state=None, tol=0.0001,
     verbose=0), 'reduce_dim': NMF(alpha=0.0, beta_loss='frobenius', init='random', l1_ratio=0.0,
  max_iter=200, n_components=50, random_state=0, shuffle=False,
  solver='cd', tol=0.0001, verbose=0), 'vectorizer__analyzer': <function stem_rmv_punc at 0x00000198EB0F0048>, 'vectorizer__min_df': 3}",0.973600845,0.972544879,0.967265048,0.963002114,0.971428571,0.969568893,0.003924226,15,0.967239102,0.965389696,0.964068692,0.966983624,0.962767362,0.965289695,0.001704852
7,12.37006979,1.637898674,12.12582617,0.638308749,"LinearSVC(C=10, class_weight=None, dual=True, fit_intercept=True,
     intercept_scaling=1, loss='squared_hinge', max_iter=1000,
     multi_class='ovr', penalty='l2', random_state=None, tol=0.0001,
     verbose=0)","NMF(alpha=0.0, beta_loss='frobenius', init='random', l1_ratio=0.0,
  max_iter=200, n_components=50, random_state=0, shuffle=False,
  solver='cd', tol=0.0001, verbose=0)",<function stem_rmv_punc at 0x00000198EB0F0048>,5,,"{'classifier': LinearSVC(C=10, class_weight=None, dual=True, fit_intercept=True,
     intercept_scaling=1, loss='squared_hinge', max_iter=1000,
     multi_class='ovr', penalty='l2', random_state=None, tol=0.0001,
     verbose=0), 'reduce_dim': NMF(alpha=0.0, beta_loss='frobenius', init='random', l1_ratio=0.0,
  max_iter=200, n_components=50, random_state=0, shuffle=False,
  solver='cd', tol=0.0001, verbose=0), 'vectorizer__analyzer': <function stem_rmv_punc at 0x00000198EB0F0048>, 'vectorizer__min_df': 5}",0.968321014,0.971488912,0.961985216,0.972515856,0.968253968,0.968512257,0.003677516,16,0.96988111,0.9667107,0.967503303,0.967776017,0.968312649,0.968036756,0.001057236
23,0.394185257,0.029580855,12.0446774,0.751281495,"LogisticRegression(C=100, class_weight=None, dual=False, fit_intercept=True,
          intercept_scaling=1, max_iter=100, multi_class='ovr', n_jobs=1,
          penalty='l2', random_state=None, solver='liblinear', tol=0.0001,
          verbose=0, warm_start=False)","NMF(alpha=0.0, beta_loss='frobenius', init='random', l1_ratio=0.0,
  max_iter=200, n_components=50, random_state=0, shuffle=False,
  solver='cd', tol=0.0001, verbose=0)",<function stem_rmv_punc at 0x00000198EB0F0048>,5,l2,"{'classifier': LogisticRegression(C=100, class_weight=None, dual=False, fit_intercept=True,
          intercept_scaling=1, max_iter=100, multi_class='ovr', n_jobs=1,
          penalty='l2', random_state=None, solver='liblinear', tol=0.0001,
          verbose=0, warm_start=False), 'classifier__penalty': 'l2', 'reduce_dim': NMF(alpha=0.0, beta_loss='frobenius', init='random', l1_ratio=0.0,
  max_iter=200, n_components=50, random_state=0, shuffle=False,
  solver='cd', tol=0.0001, verbose=0), 'vectorizer__analyzer': <function stem_rmv_punc at 0x00000198EB0F0048>, 'vectorizer__min_df': 5}",0.96937698,0.968321014,0.961985216,0.973572939,0.968253968,0.96830093,0.003710986,17,0.969352708,0.965389696,0.968295905,0.968304279,0.968312649,0.967931047,0.001333989
22,0.430772114,0.021857317,11.97649341,0.714890908,"LogisticRegression(C=100, class_weight=None, dual=False, fit_intercept=True,
          intercept_scaling=1, max_iter=100, multi_class='ovr', n_jobs=1,
          penalty='l2', random_state=None, solver='liblinear', tol=0.0001,
          verbose=0, warm_start=False)","NMF(alpha=0.0, beta_loss='frobenius', init='random', l1_ratio=0.0,
  max_iter=200, n_components=50, random_state=0, shuffle=False,
  solver='cd', tol=0.0001, verbose=0)",<function stem_rmv_punc at 0x00000198EB0F0048>,3,l2,"{'classifier': LogisticRegression(C=100, class_weight=None, dual=False, fit_intercept=True,
          intercept_scaling=1, max_iter=100, multi_class='ovr', n_jobs=1,
          penalty='l2', random_state=None, solver='liblinear', tol=0.0001,
          verbose=0, warm_start=False), 'classifier__penalty': 'l2', 'reduce_dim': NMF(alpha=0.0, beta_loss='frobenius', init='random', l1_ratio=0.0,
  max_iter=200, n_components=50, random_state=0, shuffle=False,
  solver='cd', tol=0.0001, verbose=0), 'vectorizer__analyzer': <function stem_rmv_punc at 0x00000198EB0F0048>, 'vectorizer__min_df': 3}",0.973600845,0.970432946,0.965153115,0.960887949,0.968253968,0.967666948,0.004370169,18,0.967503303,0.9667107,0.96327609,0.968040148,0.964615791,0.966029206,0.001803257
12,0.486246872,0.014681431,0.247708797,0.013928202,"LogisticRegression(C=10, class_weight=None, dual=False, fit_intercept=True,
          intercept_scaling=1, max_iter=100, multi_class='ovr', n_jobs=1,
          penalty='l1', random_state=None, solver='liblinear', tol=0.0001,
          verbose=0, warm_start=False)","NMF(alpha=0.0, beta_loss='frobenius', init='random', l1_ratio=0.0,
  max_iter=200, n_components=50, random_state=0, shuffle=False,
  solver='cd', tol=0.0001, verbose=0)",word,3,l1,"{'classifier': LogisticRegression(C=10, class_weight=None, dual=False, fit_intercept=True,
          intercept_scaling=1, max_iter=100, multi_class='ovr', n_jobs=1,
          penalty='l1', random_state=None, solver='liblinear', tol=0.0001,
          verbose=0, warm_start=False), 'classifier__penalty': 'l1', 'reduce_dim': NMF(alpha=0.0, beta_loss='frobenius', init='random', l1_ratio=0.0,
  max_iter=200, n_components=50, random_state=0, shuffle=False,
  solver='cd', tol=0.0001, verbose=0), 'vectorizer__analyzer': 'word', 'vectorizer__min_df': 3}",0.966209081,0.96937698,0.967265048,0.963002114,0.971428571,0.967455621,0.002859072,19,0.968295905,0.970673712,0.965918098,0.969360803,0.967784526,0.968406609,0.001590105
4,21.00833683,3.860976911,0.306614494,0.051096316,"LinearSVC(C=10, class_weight=None, dual=True, fit_intercept=True,
     intercept_scaling=1, loss='squared_hinge', max_iter=1000,
     multi_class='ovr', penalty='l2', random_state=None, tol=0.0001,
     verbose=0)","NMF(alpha=0.0, beta_loss='frobenius', init='random', l1_ratio=0.0,
  max_iter=200, n_components=50, random_state=0, shuffle=False,
  solver='cd', tol=0.0001, verbose=0)",word,3,,"{'classifier': LinearSVC(C=10, class_weight=None, dual=True, fit_intercept=True,
     intercept_scaling=1, loss='squared_hinge', max_iter=1000,
     multi_class='ovr', penalty='l2', random_state=None, tol=0.0001,
     verbose=0), 'reduce_dim': NMF(alpha=0.0, beta_loss='frobenius', init='random', l1_ratio=0.0,
  max_iter=200, n_components=50, random_state=0, shuffle=False,
  solver='cd', tol=0.0001, verbose=0), 'vectorizer__analyzer': 'word', 'vectorizer__min_df': 3}",0.972544879,0.96092925,0.963041183,0.966173362,0.97037037,0.966610313,0.004349507,20,0.966446499,0.964861295,0.963540291,0.96064448,0.961711117,0.963440736,0.002091561
20,0.477140951,0.014697983,0.236433554,0.015408505,"LogisticRegression(C=100, class_weight=None, dual=False, fit_intercept=True,
          intercept_scaling=1, max_iter=100, multi_class='ovr', n_jobs=1,
          penalty='l2', random_state=None, solver='liblinear', tol=0.0001,
          verbose=0, warm_start=False)","NMF(alpha=0.0, beta_loss='frobenius', init='random', l1_ratio=0.0,
  max_iter=200, n_components=50, random_state=0, shuffle=False,
  solver='cd', tol=0.0001, verbose=0)",word,3,l2,"{'classifier': LogisticRegression(C=100, class_weight=None, dual=False, fit_intercept=True,
          intercept_scaling=1, max_iter=100, multi_class='ovr', n_jobs=1,
          penalty='l2', random_state=None, solver='liblinear', tol=0.0001,
          verbose=0, warm_start=False), 'classifier__penalty': 'l2', 'reduce_dim': NMF(alpha=0.0, beta_loss='frobenius', init='random', l1_ratio=0.0,
  max_iter=200, n_components=50, random_state=0, shuffle=False,
  solver='cd', tol=0.0001, verbose=0), 'vectorizer__analyzer': 'word', 'vectorizer__min_df': 3}",0.971488912,0.96092925,0.963041183,0.966173362,0.97037037,0.966398986,0.004072891,21,0.966182299,0.965918098,0.964332893,0.961172742,0.962503301,0.964021866,0.001938218
13,0.453281307,0.02488919,0.228854227,0.009218964,"LogisticRegression(C=10, class_weight=None, dual=False, fit_intercept=True,
          intercept_scaling=1, max_iter=100, multi_class='ovr', n_jobs=1,
          penalty='l1', random_state=None, solver='liblinear', tol=0.0001,
          verbose=0, warm_start=False)","NMF(alpha=0.0, beta_loss='frobenius', init='random', l1_ratio=0.0,
  max_iter=200, n_components=50, random_state=0, shuffle=False,
  solver='cd', tol=0.0001, verbose=0)",word,5,l1,"{'classifier': LogisticRegression(C=10, class_weight=None, dual=False, fit_intercept=True,
          intercept_scaling=1, max_iter=100, multi_class='ovr', n_jobs=1,
          penalty='l1', random_state=None, solver='liblinear', tol=0.0001,
          verbose=0, warm_start=False), 'classifier__penalty': 'l1', 'reduce_dim': NMF(alpha=0.0, beta_loss='frobenius', init='random', l1_ratio=0.0,
  max_iter=200, n_components=50, random_state=0, shuffle=False,
  solver='cd', tol=0.0001, verbose=0), 'vectorizer__analyzer': 'word', 'vectorizer__min_df': 5}",0.966209081,0.968321014,0.963041183,0.960887949,0.972486772,0.966187658,0.00405355,22,0.971730515,0.964597094,0.965389696,0.96856841,0.9706892,0.968194983,0.002816913
5,15.96130257,2.723544353,0.312782717,0.030790699,"LinearSVC(C=10, class_weight=None, dual=True, fit_intercept=True,
     intercept_scaling=1, loss='squared_hinge', max_iter=1000,
     multi_class='ovr', penalty='l2', random_state=None, tol=0.0001,
     verbose=0)","NMF(alpha=0.0, beta_loss='frobenius', init='random', l1_ratio=0.0,
  max_iter=200, n_components=50, random_state=0, shuffle=False,
  solver='cd', tol=0.0001, verbose=0)",word,5,,"{'classifier': LinearSVC(C=10, class_weight=None, dual=True, fit_intercept=True,
     intercept_scaling=1, loss='squared_hinge', max_iter=1000,
     multi_class='ovr', penalty='l2', random_state=None, tol=0.0001,
     verbose=0), 'reduce_dim': NMF(alpha=0.0, beta_loss='frobenius', init='random', l1_ratio=0.0,
  max_iter=200, n_components=50, random_state=0, shuffle=False,
  solver='cd', tol=0.0001, verbose=0), 'vectorizer__analyzer': 'word', 'vectorizer__min_df': 5}",0.966209081,0.965153115,0.961985216,0.958773784,0.968253968,0.964074387,0.003335241,23,0.966974901,0.959048877,0.960369881,0.964342314,0.965672036,0.963281602,0.003061824
21,0.433519602,0.011945664,0.216557503,0.012675785,"LogisticRegression(C=100, class_weight=None, dual=False, fit_intercept=True,
          intercept_scaling=1, max_iter=100, multi_class='ovr', n_jobs=1,
          penalty='l2', random_state=None, solver='liblinear', tol=0.0001,
          verbose=0, warm_start=False)","NMF(alpha=0.0, beta_loss='frobenius', init='random', l1_ratio=0.0,
  max_iter=200, n_components=50, random_state=0, shuffle=False,
  solver='cd', tol=0.0001, verbose=0)",word,5,l2,"{'classifier': LogisticRegression(C=100, class_weight=None, dual=False, fit_intercept=True,
          intercept_scaling=1, max_iter=100, multi_class='ovr', n_jobs=1,
          penalty='l2', random_state=None, solver='liblinear', tol=0.0001,
          verbose=0, warm_start=False), 'classifier__penalty': 'l2', 'reduce_dim': NMF(alpha=0.0, beta_loss='frobenius', init='random', l1_ratio=0.0,
  max_iter=200, n_components=50, random_state=0, shuffle=False,
  solver='cd', tol=0.0001, verbose=0), 'vectorizer__analyzer': 'word', 'vectorizer__min_df': 5}",0.965153115,0.965153115,0.96092925,0.958773784,0.97037037,0.964074387,0.003997305,23,0.966182299,0.960369881,0.961162483,0.964606445,0.964615791,0.96338738,0.002229894
31,0.361784267,0.025836897,12.47765269,0.565947072,GaussianNB(priors=None),"NMF(alpha=0.0, beta_loss='frobenius', init='random', l1_ratio=0.0,
  max_iter=200, n_components=50, random_state=0, shuffle=False,
  solver='cd', tol=0.0001, verbose=0)",<function stem_rmv_punc at 0x00000198EB0F0048>,5,,"{'classifier': GaussianNB(priors=None), 'reduce_dim': NMF(alpha=0.0, beta_loss='frobenius', init='random', l1_ratio=0.0,
  max_iter=200, n_components=50, random_state=0, shuffle=False,
  solver='cd', tol=0.0001, verbose=0), 'vectorizer__analyzer': <function stem_rmv_punc at 0x00000198EB0F0048>, 'vectorizer__min_df': 5}",0.94720169,0.957761352,0.944033791,0.94397463,0.942857143,0.947168216,0.00549309,25,0.946895641,0.948216645,0.948216645,0.94770206,0.941114339,0.946429066,0.002700941
30,0.404683828,0.01400333,12.23978209,1.096514154,GaussianNB(priors=None),"NMF(alpha=0.0, beta_loss='frobenius', init='random', l1_ratio=0.0,
  max_iter=200, n_components=50, random_state=0, shuffle=False,
  solver='cd', tol=0.0001, verbose=0)",<function stem_rmv_punc at 0x00000198EB0F0048>,3,,"{'classifier': GaussianNB(priors=None), 'reduce_dim': NMF(alpha=0.0, beta_loss='frobenius', init='random', l1_ratio=0.0,
  max_iter=200, n_components=50, random_state=0, shuffle=False,
  solver='cd', tol=0.0001, verbose=0), 'vectorizer__analyzer': <function stem_rmv_punc at 0x00000198EB0F0048>, 'vectorizer__min_df': 3}",0.940865892,0.953537487,0.937697994,0.942917548,0.943915344,0.943786982,0.005320566,26,0.940290621,0.944517834,0.938441215,0.946645536,0.93926591,0.941832223,0.00318879
28,0.437843037,0.02494623,0.225130463,0.008530833,GaussianNB(priors=None),"NMF(alpha=0.0, beta_loss='frobenius', init='random', l1_ratio=0.0,
  max_iter=200, n_components=50, random_state=0, shuffle=False,
  solver='cd', tol=0.0001, verbose=0)",word,3,,"{'classifier': GaussianNB(priors=None), 'reduce_dim': NMF(alpha=0.0, beta_loss='frobenius', init='random', l1_ratio=0.0,
  max_iter=200, n_components=50, random_state=0, shuffle=False,
  solver='cd', tol=0.0001, verbose=0), 'vectorizer__analyzer': 'word', 'vectorizer__min_df': 3}",0.948257656,0.946145723,0.932418163,0.94820296,0.937566138,0.942519019,0.006403037,27,0.945574637,0.946367239,0.940819022,0.949022715,0.940850277,0.944526778,0.003223751
29,0.39996171,0.007644872,0.221966696,0.013306978,GaussianNB(priors=None),"NMF(alpha=0.0, beta_loss='frobenius', init='random', l1_ratio=0.0,
  max_iter=200, n_components=50, random_state=0, shuffle=False,
  solver='cd', tol=0.0001, verbose=0)",word,5,,"{'classifier': GaussianNB(priors=None), 'reduce_dim': NMF(alpha=0.0, beta_loss='frobenius', init='random', l1_ratio=0.0,
  max_iter=200, n_components=50, random_state=0, shuffle=False,
  solver='cd', tol=0.0001, verbose=0), 'vectorizer__analyzer': 'word', 'vectorizer__min_df': 5}",0.946145723,0.936642027,0.934530095,0.942917548,0.941798942,0.940405748,0.004241051,28,0.938441215,0.932364597,0.939233818,0.944004226,0.947451809,0.940299133,0.005146496
24,0.428981829,0.012153867,0.174365091,0.004879694,GaussianNB(priors=None),"TruncatedSVD(algorithm='randomized', n_components=50, n_iter=5,
       random_state=0, tol=0.0)",word,3,,"{'classifier': GaussianNB(priors=None), 'reduce_dim': TruncatedSVD(algorithm='randomized', n_components=50, n_iter=5,
       random_state=0, tol=0.0), 'vectorizer__analyzer': 'word', 'vectorizer__min_df': 3}",0.892291447,0.929250264,0.911298838,0.923890063,0.895238095,0.910397295,0.014805012,29,0.899339498,0.922060766,0.904887715,0.914421553,0.885661473,0.905274201,0.01253389
25,0.38134799,0.018146552,0.17637372,0.013004444,GaussianNB(priors=None),"TruncatedSVD(algorithm='randomized', n_components=50, n_iter=5,
       random_state=0, tol=0.0)",word,5,,"{'classifier': GaussianNB(priors=None), 'reduce_dim': TruncatedSVD(algorithm='randomized', n_components=50, n_iter=5,
       random_state=0, tol=0.0), 'vectorizer__analyzer': 'word', 'vectorizer__min_df': 5}",0.902851109,0.929250264,0.90813094,0.872093023,0.932275132,0.908918005,0.021685791,30,0.918097754,0.91677675,0.894055482,0.879820391,0.914444151,0.904638906,0.015182742
27,0.32877965,0.006860416,11.99932022,0.678221346,GaussianNB(priors=None),"TruncatedSVD(algorithm='randomized', n_components=50, n_iter=5,
       random_state=0, tol=0.0)",<function stem_rmv_punc at 0x00000198EB0F0048>,5,,"{'classifier': GaussianNB(priors=None), 'reduce_dim': TruncatedSVD(algorithm='randomized', n_components=50, n_iter=5,
       random_state=0, tol=0.0), 'vectorizer__analyzer': <function stem_rmv_punc at 0x00000198EB0F0048>, 'vectorizer__min_df': 5}",0.936642027,0.892291447,0.887011616,0.869978858,0.935449735,0.904268808,0.026967955,31,0.921796565,0.901453104,0.885072655,0.883254094,0.923950356,0.903105355,0.017354286
26,0.375629663,0.01422509,12.01660538,0.880949036,GaussianNB(priors=None),"TruncatedSVD(algorithm='randomized', n_components=50, n_iter=5,
       random_state=0, tol=0.0)",<function stem_rmv_punc at 0x00000198EB0F0048>,3,,"{'classifier': GaussianNB(priors=None), 'reduce_dim': TruncatedSVD(algorithm='randomized', n_components=50, n_iter=5,
       random_state=0, tol=0.0), 'vectorizer__analyzer': <function stem_rmv_punc at 0x00000198EB0F0048>, 'vectorizer__min_df': 3}",0.931362196,0.923970433,0.888067582,0.844608879,0.91957672,0.901521555,0.032061237,32,0.926287979,0.920475561,0.887714663,0.862651875,0.910747293,0.901575474,0.023491326